data,explainer,scale,coverage,hit_rate,execution_time
CIFAR10,YADEA,False,0.9366666666666666,1.0,12.933071374893188
CIFAR10,YADEA,False,0.9366666666666666,1.0,12.908320665359497
