data,explainer,scale,coverage,hit_rate,execution_time
MRI,YADEA,False,0.7933333333333333,0.98,32.19021821022034
MRI,YADEA,True,0.8233333333333334,0.9,5.234295606613159
MRI,RPS,False,0.056666666666666664,0.01,2.4935474395751953
